{
  "iter": [
    1000,
    2000,
    3000,
    4000,
    5000,
    6000,
    7000,
    8000,
    9000,
    10000,
    11000,
    12000,
    13000,
    14000,
    15000,
    16000,
    17000,
    18000,
    19000,
    20000,
    21000,
    22000,
    23000,
    24000,
    25000,
    26000,
    27000,
    28000,
    29000,
    30000,
    31000,
    32000,
    33000,
    34000,
    35000,
    36000,
    37000,
    38000,
    39000,
    40000,
    41000
  ],
  "loss": [
    6.891682147979736,
    5.755425453186035,
    5.545190334320068,
    5.650214672088623,
    5.403825759887695,
    5.679941177368164,
    5.166011333465576,
    5.694317817687988,
    5.060404300689697,
    5.969107627868652,
    5.273412227630615,
    5.22414493560791,
    6.396778106689453,
    5.124128341674805,
    5.314873218536377,
    4.933656692504883,
    4.912220001220703,
    5.043701648712158,
    4.6658782958984375,
    4.859604835510254,
    4.646057605743408,
    4.953647136688232,
    4.818069934844971,
    4.057424068450928,
    4.890460968017578,
    4.453063011169434,
    4.1725006103515625,
    4.113358974456787,
    5.020457744598389,
    4.723702430725098,
    4.55999755859375,
    4.708000659942627,
    4.735514163970947,
    5.09355354309082,
    3.8484914302825928,
    4.732192039489746,
    4.302303314208984,
    4.534724235534668,
    4.9821577072143555,
    4.616218566894531,
    4.844252586364746
  ],
  "perplexity": [
    984.0553524694425,
    315.89991956491906,
    256.00329982043655,
    284.3525018177947,
    222.25508635917237,
    292.93219837289513,
    175.21456935531626,
    297.17399757731056,
    157.65424315934004,
    391.1564578371561,
    195.08048707416003,
    185.7023151826177,
    599.9090777737227,
    168.02761513100035,
    203.33873191254895,
    138.886449958186,
    135.94086856451733,
    155.04286835485962,
    106.25887098028353,
    128.9732263969462,
    104.17348201826448,
    141.69078838123633,
    123.72606082356641,
    57.82516539901684,
    133.01487552466696,
    85.8896223761089,
    64.87748274015547,
    61.15178024450189,
    151.48062736553422,
    112.58431760338307,
    95.58324647224609,
    110.83035068386069,
    113.92201825960352,
    162.9679479440468,
    46.92222436557844,
    113.5441830890289,
    73.86974312995673,
    93.19781111588335,
    145.78861166267325,
    101.11096396622573,
    127.00831876051771
  ]
}